{
    "1": {
        "a": 0.0215,
        "x_offset": -0.0085,
        "th_start": 1.74533,
        "th_end": 4.537856
    },
    "2": {
        "a": 0.05,
        "x_offset": -0.045,
        "th_start": 1.1,
        "th_end": 5.18
    },
    "3": {
        "a": 0.043,
        "x_offset": -0.017,
        "th_start": 0,
        "th_end": 6.2832
    }
}