{"rear": [[-0.18408752964821798, -0.6457303129357767], [-0.1842211063991225, -0.6257307590094607], [-0.18435468315002707, -0.6057312050831448], [-0.1844882599009316, -0.5857316511568289], [-0.18462183665183615, -0.5657320972305131], [-0.18475541340274068, -0.5457325433041972], [-0.1848889901536452, -0.5257329893778813], [-0.18502256690454977, -0.5057334354515653], [-0.1851561436554543, -0.48573388152524943], [-0.18528972040635885, -0.4657343275989335], [-0.18542329715726338, -0.4457347736726176], [-0.1855568739081679, -0.42573521974630174], [-0.18569045065907247, -0.4057356658199859], [-0.185824027409977, -0.3857361118936699], [-0.18595760416088156, -0.365736557967354], [-0.18609118091178609, -0.34573700404103813], [-0.18622475766269062, -0.3257374501147222], [-0.18635833441359517, -0.3057378961884063], [-0.1864919111644997, -0.28573834226209044], [-0.18662548791540426, -0.2657387883357745], [-0.1867590646663088, -0.2457392344094586], [-0.18689264141721332, -0.22573968048314275], [-0.18709300654357014, -0.19574034959366898], [-0.1761628569682566, -0.18717116721440694], [-0.1759907886959737, -0.16717190741536253], [-0.17581872042369082, -0.14717264761631813], [-0.1756466521514079, -0.12717338781727372], [-0.175474583879125, -0.10717412801822931], [-0.17529827802773257, -0.08668234019872766], [-0.1580207231349338, -0.07660830938051369], [-0.1393466613930341, -0.0657200167571439], [-0.11937641701915935, -0.06681058525463714], [-0.09940617264528462, -0.06790115375213038], [-0.0794359282714099, -0.06899172224962362], [-0.05946568389753516, -0.07008229074711686], [-0.029401245115376992, -0.07172409989160226]], "front": [[-0.18629154603814288, -0.31573767315156426], [-0.1864251227890474, -0.29573811922524834], [-0.18655869953995197, -0.2757385652989324], [-0.1866922762908565, -0.2557390113726165], [-0.18682585304176105, -0.2357394574463007], [-0.18695942979266558, -0.2157399035199848], [-0.18709300654357003, -0.1957403495936689], [-0.17611027987709155, -0.1810602038640064], [-0.17593821160480866, -0.16106094406496196], [-0.17576614333252577, -0.14106168426591753], [-0.17559407506024288, -0.12106242446687313], [-0.17542200678796, -0.1010631646678288], [-0.1804314898969501, -0.0843977640518452], [-0.19870355885338986, -0.07626563665176637], [-0.2169756278098296, -0.06813350925168758], [-0.23566789997571175, -0.06166374277726535], [-0.25560949626678836, -0.060136412634919076], [-0.275551092557865, -0.0586090824925728], [-0.2954926888489416, -0.05708175235022653], [-0.31543428514001814, -0.05555442220788026], [-0.3296314417209098, -0.043973604298252915], [-0.3410725001954499, -0.027569270084937376], [-0.34058141553596455, 0.0009805722423446295], [-0.3442532555428438, 0.014375222194906376], [-0.3495407350051124, 0.03366362702620558], [-0.354828214467381, 0.05295203185750478], [-0.3601156939296496, 0.07224043668880403], [-0.3654031733919182, 0.0915288415201033], [-0.37220724062280186, 0.11052490975097479], [-0.3655333898008717, 0.09200386309314129], [-0.3598185349762122, 0.07115641882470693], [-0.3545310555139436, 0.05186801399340767], [-0.349243576051675, 0.032579609162108475], [-0.3439560965894064, 0.013291204330809214], [-0.3386686171271378, -0.0059972005004900325], [-0.3368710951793584, -0.03359329768717677]], "middle": [[-0.18518953784318037, -0.4807339930436705], [-0.18532311459408493, -0.46073443911735457], [-0.1854566913449895, -0.44073488519103865], [-0.18559026809589402, -0.42073533126472273], [-0.18572384484679857, -0.40073577733840693], [-0.1858574215977031, -0.380736223412091], [-0.18599099834860766, -0.3607366694857751], [-0.1861245750995122, -0.3407371155594592], [-0.18625815185041675, -0.3207375616331432], [-0.18639172860132128, -0.3007380077068273], [-0.18652530535222583, -0.2807384537805114], [-0.18665888210313036, -0.26073889985419557], [-0.18679245885403492, -0.24073934592787968], [-0.18692603560493945, -0.2207397920015637], [-0.187059612355844, -0.2007402380752478], [-0.17615329694516227, -0.1860600188137675], [-0.17598122867287938, -0.16606075901472309], [-0.1758091604005965, -0.14606149921567868], [-0.1756370921283136, -0.1260622394166343], [-0.17546502385603072, -0.10606297961758988], [-0.17586347265784022, -0.08643079590186487], [-0.1941355416142799, -0.0782986685017861], [-0.2215436450489394, -0.06610047740166795], [-0.23455995532937607, -0.06174860044009733], [-0.2545015516204527, -0.06022127029775105], [-0.2744431479115293, -0.058693940155404786], [-0.2943847442026059, -0.057166610013058505], [-0.3143263404936826, -0.05563927987071224], [-0.32927754502601586, -0.044481025851332685], [-0.31481744841691034, -0.05560166583403522], [-0.293264016656331, -0.05725244672030092], [-0.27332242036525434, -0.058779776862647196], [-0.2533808240741777, -0.06030710700499347], [-0.2334392277831011, -0.061834437147339744], [-0.21493354194116204, -0.06904235556162079], [-0.18742564127256, -0.08128496220233977]]}