{"rear": [[-0.18376282416498277, -0.6481135867238763], [-0.18390520930058799, -0.6281140935684696], [-0.18404759443619323, -0.608114600413063], [-0.18418997957179845, -0.5881151072576563], [-0.1843323647074037, -0.5681156141022496], [-0.1844747498430089, -0.5481161209468429], [-0.18461713497861412, -0.5281166277914362], [-0.18475952011421937, -0.5081171346360296], [-0.18490190524982458, -0.48811764148062287], [-0.18504429038542983, -0.4681181483252162], [-0.18518667552103504, -0.44811865516980953], [-0.18532906065664026, -0.4281191620144028], [-0.1854714457922455, -0.4081196688589962], [-0.18561383092785072, -0.3881201757035895], [-0.18575621606345596, -0.36812068254818275], [-0.18589860119906118, -0.34812118939277614], [-0.1860409863346664, -0.3281216962373694], [-0.18618337147027164, -0.3081222030819627], [-0.18632575660587686, -0.2881227099265561], [-0.1864681417414821, -0.26812321677114936], [-0.18661052687708732, -0.2481237236157427], [-0.18675291201269253, -0.22812423046033603], [-0.1869664897161004, -0.19812499072722595], [-0.17199257848650204, -0.18651054095733238], [-0.17276005360635963, -0.16652527183379043], [-0.1735275287262172, -0.14654000271024847], [-0.17429500384607483, -0.1265547335867065], [-0.1750624789659324, -0.10656946446316454], [-0.17585888291401605, -0.08583088047303292], [-0.15858620180230082, -0.07574849547676364], [-0.13792434849085372, -0.06368778767609934], [-0.11796669903744014, -0.06498864443018887], [-0.09800904958402655, -0.0662895011842784], [-0.07805140013061296, -0.06759035793836793], [-0.05809375067719938, -0.06889121469245746], [-0.02297518454583046, -0.07118027303334926]], "front": [[-0.186112178902469, -0.31812194965966606], [-0.18625456403807425, -0.29812245650425934], [-0.18639694917367947, -0.2781229633488527], [-0.1865393343092847, -0.258123470193446], [-0.18668171944488993, -0.2381239770380394], [-0.18682410458049517, -0.21812448388263264], [-0.1869664897161004, -0.19812499072722595], [-0.1720328598323961, -0.18546160332075962], [-0.1728003349522537, -0.16547633419721763], [-0.1735678100721113, -0.1454910650736758], [-0.1743352851919689, -0.1255057959501338], [-0.17510276031182648, -0.10552052682659178], [-0.17613172774424726, -0.08571652401101207], [-0.19457711800106528, -0.07798557463375665], [-0.21302250825788324, -0.07025462525650125], [-0.2316176620897481, -0.0631656547077159], [-0.2515798690644443, -0.061936715043048866], [-0.2715420760391405, -0.06070777537838183], [-0.2915042830138366, -0.0594788357137148], [-0.31146648998853277, -0.05824989604904777], [-0.32566131267756887, -0.04721883627088365], [-0.33643065571451136, -0.03036590624217183], [-0.34238030416044024, -0.0025797417784469007], [-0.3470998692494568, 0.01577343686558659], [-0.35208086456605103, 0.03514325064001579], [-0.35706185988264527, 0.05451306441444499], [-0.3620428551992395, 0.07388287818887418], [-0.3670238505158337, 0.09325269196330338], [-0.37505837032588046, 0.11183493403189088], [-0.36721160169392436, 0.09398280815984542], [-0.36125325661067775, 0.07081233171274336], [-0.35627226129408357, 0.051442517938314156], [-0.35129126597748933, 0.032072704163884955], [-0.3463102706608951, 0.012702890389455754], [-0.3413292753443009, -0.006666923384973336], [-0.33136193288411914, -0.03829794359138665]], "middle": [[-0.18493750153372587, -0.48311776819177116], [-0.18507988666933112, -0.4631182750363645], [-0.18522227180493633, -0.4431187818809579], [-0.18536465694054158, -0.4231192887255511], [-0.1855070420761468, -0.40311979557014455], [-0.18564942721175204, -0.38312030241473777], [-0.18579181234735725, -0.3631208092593311], [-0.18593419748296247, -0.34312131610392443], [-0.18607658261856772, -0.3231218229485177], [-0.18621896775417293, -0.3031223297931111], [-0.18636135288977818, -0.2831228366377044], [-0.1865037380253834, -0.2631233434822977], [-0.18664612316098864, -0.24312385032689107], [-0.18678850829659385, -0.22312435717148435], [-0.18693089343219907, -0.20312486401607763], [-0.17511397042158394, -0.18893163517154807], [-0.1726084661722893, -0.17047265147810317], [-0.1733759412921469, -0.15048738235456122], [-0.17414341641200448, -0.1305021132310193], [-0.1749108915318621, -0.11051684410747731], [-0.17567836665171968, -0.09053157498393533], [-0.18996577043686078, -0.0799183119780705], [-0.21763385582208775, -0.0683218879121874], [-0.2355604866261789, -0.06292292135314322], [-0.25552269360087504, -0.06169398168847619], [-0.2754849005755712, -0.06046504202380915], [-0.29544710755026743, -0.05923610235914212], [-0.31540931452496357, -0.05800716269447508], [-0.32819434795404395, -0.04325489286892719], [-0.31616176009830155, -0.057960839649545716], [-0.29228265357070127, -0.059430916640821084], [-0.2723204465960051, -0.06065985630548812], [-0.25235823962130893, -0.06188879597015515], [-0.23239603264661274, -0.06311773563482219], [-0.213741734779479, -0.06995317845858484], [-0.18128422223196944, -0.08355697772348131]]}