{
  "camera": {
    "fx": 574.950047494973, 
    "fy": 573.6149779180907, 
    "cx": 649.313787920506, 
    "cy": 357.6131547777926, 
    "k1": -0.027467882290481006, 
    "k2": 0.001526527336125288, 
    "p1": -0.0032533224640905467, 
    "p2": 0.00010537238476637319, 
    "k3": -0.002512076361133575
  },
  "roi_x": 121,
  "roi_y": 97,
  "roi_width": 1119,
  "roi_height": 580,
  "R": [
    [-0.05607561013855944, 0.9981846180536319, -0.02197712967412829], 
    [0.9981723316667487, 0.05654441874954852, 0.021324282009999185], 
    [0.02252825431662601, -0.020741190645689713, -0.9995310304177878]
    ], 
  "tvec": [-0.2487610129226093, 0.042203177086745945, 1.297912145667504]
}