pose,id,x,y,z,a,b,c,d
1,1,0.329122722,0.08858601,-0.45984298,0.016409513,0.032206856,-0.01706074,-0.99920094
2,1,0.300775766,0.088676058,-0.473630697,0.022325877,0.241674364,-0.009822093,-0.970050871
3,1,0.270248473,0.087255485,-0.380541861,-0.005209084,0.11855454,-0.01057986,-0.992877603
4,1,0.066429295,0.08591938,-0.293421119,0.009382397,0.984813452,0.023663534,-0.171739563
5,1,0.155088037,0.086514533,-0.38052997,0.024421394,0.896205783,0.030731121,0.441898614
6,1,0.169789284,0.084607944,-0.270739287,0.023355857,0.97604984,0.001663099,-0.216283724
7,1,0.318641573,0.086916283,-0.387454331,0.01294443,0.538224518,0.03351929,0.842035234
8,1,0.344728917,0.087375171,-0.396792322,0.005394126,0.181829959,0.036456399,0.982639134