{
    "R": [
        [-0.004063097359359169, 0.9997041088319559, -0.02398303617879365], 
        [0.9998098358927839, 0.00451862823559479, 0.018970346620794262], 
        [0.01907310388722722, -0.023901397100869297, -0.9995323606190715]
    ], 
    "tvec": [-0.08077739065345856, 0.13933418897652375, 1.2932690874061898]
}