{
    "R": [
        [-0.05879672462515528, 0.998269841385914, 0.0005186064935088427], 
        [0.9979313045636297, 0.05876323829703112, 0.026076679174653214], 
        [0.026001087386591994, 0.0020507569791930486, -0.9996598110610064]
    ], 
    "tvec": [-0.2548419491009315, 0.04255552503822994, 1.317976867246684]
}