{"R": [
    [-0.04433986992131611, 0.9989389947403303, -0.012444304823443528], 
    [0.9989597231207495, 0.044201102252976465, -0.011213123656555088], 
    [-0.010651174483409923, -0.012928547745200641, -0.9998596927245963]
], 
"tvec": [-0.2766609420429101, 0.07099715711925972, 1.3003179667734153]
}