{
    "R": [
        [-0.04311265838824385, 0.9986503165129212, 0.028962803996516337], 
        [0.9990555208702472, 0.042936664648997036, 0.00667151013627104], 
        [0.005418939506713176, 0.029223075770041268, -0.9995582258863968]
    ], 
    "tvec": [-0.2954760592961147, 0.07563160925235253, 1.3132129487746176]
}