{
    "1.1": {
        "model_id": 1, 
        "marker_id": 1, 
        "x": -0.16885927319526672, 
        "y": -0.09910982102155685, 
        "z": 0.08377838879823685
    }, 
    "1.2": {
        "model_id": 1, 
        "marker_id": 2, 
        "x": -0.1795254498720169, 
        "y": -0.06933929026126862, 
        "z": 0.08297063410282135
    }, 
    "1.3": {
        "model_id": 1, 
        "marker_id": 3, 
        "x": -0.19864214956760406, 
        "y": -0.07594780623912811, 
        "z": 0.0819040983915329
    }, 
    "2.1": {
        "model_id": 2, 
        "marker_id": 1, 
        "x": -0.1440521776676178, 
        "y": 0.2897668778896332, 
        "z": 0.07052958756685257
    }, 
    "2.2": {
        "model_id": 2, 
        "marker_id": 2, 
        "x": -0.08302316069602966, 
        "y": 0.30893173813819885, 
        "z": 0.0735701248049736
    }, 
    "2.3": {
        "model_id": 2, 
        "marker_id": 3, 
        "x": -0.1321530044078827,
        "y": 0.2517108619213104, 
        "z": 0.0709877610206604
    }, 
    "0.50108": {
        "model_id": 0, 
        "marker_id": 50108, 
        "x": -0.04811318591237068, 
        "y": -0.167470782995224, 
        "z": 0.05996306985616684
    }, 
    "0.50152": {
        "model_id": 0, 
        "marker_id": 50152, 
        "x": -0.034256793558597565, 
        "y": -0.15190008282661438, 
        "z": 0.05986300855875015
    }, 
    "0.50236": {
        "model_id": 0, 
        "marker_id": 50236, 
        "x": -0.08786825835704803, 
        "y": -0.18129973113536835, 
        "z": 0.058526746928691864
    }, 
    "0.50237": {
        "model_id": 0, 
        "marker_id": 50237, 
        "x": -0.1278824806213379, 
        "y": -0.1683981567621231, 
        "z": 0.05772605165839195
    }, 
    "0.50249": {
        "model_id": 0, 
        "marker_id": 50249, 
        "x": -0.15321622788906097, 
        "y": -0.13500571250915527, 
        "z": 0.05723053216934204
    }, 
    "0.50262": {
        "model_id": 0, 
        "marker_id": 50262, 
        "x": 0.009085399098694324, 
        "y": -0.10933579504489899, 
        "z": 0.08983755111694336
    }
}