{
    "1.1": {
        "model_id": 1, 
        "marker_id": 1, 
        "x": -0.4265775978565216, 
        "y": -0.3303733170032501, 
        "z": 0.07205598801374435
    }, 
    "1.2": {
        "model_id": 1, 
        "marker_id": 2, 
        "x": -0.4280407726764679, 
        "y": -0.2982120215892792, 
        "z": 0.0703546330332756
    }, 
    "1.3": {
        "model_id": 1, 
        "marker_id": 3, 
        "x": -0.4480289816856384, 
        "y": -0.2992667257785797, 
        "z": 0.07002660632133484
    }, 
    "2.1": {
        "model_id": 2, 
        "marker_id": 1, 
        "x": -0.23428240418434143, 
        "y": 0.13956919312477112, 
        "z": 0.06368459016084671
    }, 
    "2.2": {
        "model_id": 2, 
        "marker_id": 2, 
        "x": -0.1707700788974762, 
        "y": 0.1436745524406433, 
        "z": 0.06635237485170364
    }, 
    "2.3": {
        "model_id": 2, 
        "marker_id": 3, 
        "x": -0.23192302882671356, 
        "y": 0.09951800853013992, 
        "z": 0.06374164670705795
    }, 
    "0.54471": {
        "model_id": 0, 
        "marker_id": 54471, 
        "x": -0.4081258773803711, 
        "y": -0.40536412596702576, 
        "z": 0.045423295348882675
    }, 
    "0.54474": {
        "model_id": 0, 
        "marker_id": 54474, 
        "x": -0.423977792263031, 
        "y": -0.366211473941803, 
        "z": 0.04518318548798561
    }, 
    "0.54548": {
        "model_id": 0, 
        "marker_id": 54548, 
        "x": -0.37334802746772766,
        "y": -0.430347204208374, 
        "z": 0.046689484268426895
    }, 
    "0.54552": {
        "model_id": 0, 
        "marker_id": 54552, 
        "x": -0.3311697840690613, 
        "y": -0.4330873489379883, 
        "z": 0.04750128090381622
    }, 
    "0.54554": {
        "model_id": 0, 
        "marker_id": 54554, 
        "x": -0.31149822473526, 
        "y": -0.42546868324279785, 
        "z": 0.046897295862436295
    }, "0.54557": {
        "model_id": 0, 
        "marker_id": 54557, 
        "x": -0.2522103786468506, 
        "y": -0.40816089510917664, 
        "z": 0.07693704962730408
    }
}