{
    "1.1": {
        "model_id": 1, 
        "marker_id": 1, 
        "x": -0.28465595841407776, 
        "y": 0.05772314965724945, 
        "z": 0.08014358580112457
    }, 
    "1.2": {
        "model_id": 1, 
        "marker_id": 2, 
        "x": -0.29286879301071167, 
        "y": 0.08838477730751038, 
        "z": 0.07857535779476166
    }, 
    "1.3": {
        "model_id": 1, 
        "marker_id": 3, 
        "x": -0.31182801723480225, 
        "y": 0.0834539383649826, 
        "z": 0.07737673819065094
    }, 
    "2.1": {
        "model_id": 2, 
        "marker_id": 1, 
        "x": -0.15714877843856812, 
        "y": 0.49673688411712646, 
        "z": 0.07176483422517776
    }, 
    "2.2": {
        "model_id": 2, 
        "marker_id": 2, 
        "x": -0.09368788450956345, 
        "y": 0.5040527582168579, 
        "z": 0.07496228069067001
    }, 
    "2.3": {
        "model_id": 2, 
        "marker_id": 3, 
        "x": -0.15308040380477905, 
        "y": 0.45766955614089966, 
        "z": 0.07086946070194244
    }, 
    "0.50001": {
        "model_id": 0, 
        "marker_id": 50001, 
        "x": -0.09662030637264252, 
        "y": 0.006185060832649469, 
        "z": 0.08610475063323975
    }, 
    "0.50002": {
        "model_id": 0, 
        "marker_id": 50002, 
        "x": -0.15126168727874756, 
        "y": -0.021678466349840164, 
        "z": 0.05523645877838135
    }, 
    "0.50005": {
        "model_id": 0, 
        "marker_id": 50005, 
        "x": -0.16958968341350555, 
        "y": -0.03222227096557617, 
        "z": 0.056235119700431824
    }, 
    "0.50006": {
        "model_id": 0, 
        "marker_id": 50006, 
        "x": -0.21234941482543945, 
        "y": -0.03445981815457344, 
        "z": 0.05537118390202522
    }, 
    "0.50007": {
        "model_id": 0, 
        "marker_id": 50007, 
        "x": -0.25006285309791565, 
        "y": -0.01502683013677597, 
        "z": 0.05374531075358391
    }, 
    "0.50008": {
        "model_id": 0, 
        "marker_id": 50008, 
        "x": -0.27304381132125854, 
        "y": 0.019860582426190376, 
        "z": 0.0535954125225544
    }
}