{
    "1.1": {
        "model_id": 1, 
        "marker_id": 1, 
        "x": -0.2334190458059311, 
        "y": -0.16267335414886475, 
        "z": 0.07820848375558853
    }, 
    "1.2": {
        "model_id": 1, 
        "marker_id": 2, 
        "x": -0.2286616712808609, 
        "y": -0.19386602938175201, 
        "z": 0.07995568215847015
    }, 
    "1.3": {
        "model_id": 1, 
        "marker_id": 3, 
        "x": -0.25323206186294556, 
        "y": -0.16582652926445007, 
        "z": 0.07703728973865509
    }, 
    "11.1": {
        "model_id": 11, 
        "marker_id": 1, 
        "x": -0.09136369079351425, 
        "y": 0.24316930770874023, 
        "z": 0.06944812834262848
    }, 
    "11.2": {
        "model_id": 11, 
        "marker_id": 2, 
        "x": -0.1357722133398056, 
        "y": 0.19875594973564148, 
        "z": 0.06785966455936432
    }, 
    "11.3": {
        "model_id": 11, 
        "marker_id": 3, 
        "x": -0.1090245246887207, 
        "y": 0.1697751134634018, 
        "z": 0.0680055171251297
    }, 
    "0.53788": {
        "model_id": 0, 
        "marker_id": 53788, 
        "x": -0.1038067564368248, 
        "y": -0.2976866662502289, 
        "z": 0.05251789838075638
    }, 
    "0.53793": {
        "model_id": 0, 
        "marker_id": 53793, 
        "x": -0.12428606301546097, 
        "y": -0.30361929535865784, 
        "z": 0.052909087389707565
    }, 
    "0.53814": {
        "model_id": 0, 
        "marker_id": 53814, 
        "x": -0.04834551736712456, 
        "y": -0.2866750657558441, 
        "z": 0.08428186178207397
    }, 
    "0.53840": {
        "model_id": 0, 
        "marker_id": 53840, 
        "x": -0.20015881955623627, 
        "y": -0.27139031887054443, 
        "z": 0.05224216729402542
    }, 
    "0.53842": {
        "model_id": 0, 
        "marker_id": 53842, 
        "x": -0.16644662618637085, 
        "y": -0.2981666028499603, 
        "z": 0.0522531121969223
    }, 
    "0.53974": {
        "model_id": 0, 
        "marker_id": 53974, 
        "x": -0.2191000133752823, 
        "y": -0.23324252665042877, 
        "z": 0.05187304690480232
    }
}