{
  "camera": {
    "fx": 582.59118861,
    "fy": 582.65884802,
    "cx": 629.53535406,
    "cy": 348.71988126,
    "k1": 0.00239457,
    "k2": -0.03004914,
    "p1": -0.00062043,
    "p2": -0.00057221,
    "k3": 0.01083464
  },
  "roi_x": 130,
  "roi_y": 106,
  "roi_width": 1048,
  "roi_height": 531,
  "scale_x": 592.7888723870464,
  "scale_y": 625.6348597600014,
  "translate_x": 559.8853442507321,
  "translate_y": 460.1519457960396
}