{
  "camera": {
    "fx": 582.59118861,
    "fy": 582.65884802,
    "cx": 629.53535406,
    "cy": 348.71988126,
    "k1": 0.00239457,
    "k2": -0.03004914,
    "p1": -0.00062043,
    "p2": -0.00057221,
    "k3": 0.01083464
  },
  "roi_x": 108,
  "roi_y": 85,
  "roi_width": 1079,
  "roi_height": 564,
  "scale_x": 559.3033551093611,
  "scale_y": 587.4556901693852,
  "translate_x": 647.346577587025,
  "translate_y": 432.81864574819934
}