{
  "camera": {
    "fx": 582.59118861,
    "fy": 582.65884802,
    "cx": 629.53535406,
    "cy": 348.71988126,
    "k1": 0.00239457,
    "k2": -0.03004914,
    "p1": -0.00062043,
    "p2": -0.00057221,
    "k3": 0.01083464,
    "frame_size": [
      720,
      1497
    ]
  },
  "aruco": {
    "markers": [
      {
        "id": 10,
        "position": [
          1171.25,
          655.5
        ]
      },
      {
        "id": 12,
        "position": [
          1171.25,
          655.5
        ]
      }
    ]
  },
  "opti_track": {
    "opti_A1_position": [
      -0.4310126304626465,
      0.01978898048400879,
      1.2289113998413086
    ],
    "opti_A2_position": [
      -0.3793858289718628,
      0.018277883529663086,
      1.165675163269043
    ],
    "opti_B1_position": [
      0.7488584518432617,
      -0.002796173095703125,
      -1.2286527156829834
    ],
    "opti_B2_position": [
      0.8024942278862,
      -0.005115032196044922,
      -1.2898616790771484
    ]
  }
}