{
  "camera": {
    "fx": 582.59118861,
    "fy": 582.65884802,
    "cx": 629.53535406,
    "cy": 348.71988126,
    "k1": 0.00239457,
    "k2": -0.03004914,
    "p1": -0.00062043,
    "p2": -0.00057221,
    "k3": 0.01083464
  },
  "K": {
    "1": [
      1753.8754476756171,
      0.0,
      1891.4447654827477
    ],
    "2": [
      0.0,
      1754.2274410148138,
      1051.3613949769422
    ],
    "3": [
      0.0,
      0.0,
      1.0
    ]
  },
  "D": [
    0.30678889866050446,
    0.2304334515209878,
    -0.2229544268856166,
    0.17061628925814404
  ],
  "roi_x": 121,
  "roi_y": 97,
  "roi_width": 1119,
  "roi_height": 580,
  "scale_x": 551.3060916091279,
  "scale_y": 627.4341100704833,
  "translate_x": 558.7086862041522,
  "translate_y": 398.4507405918221
}