{
  "camera": {
    "fx": 582.59118861,
    "fy": 582.65884802,
    "cx": 629.53535406,
    "cy": 348.71988126,
    "k1": 0.00239457,
    "k2": -0.03004914,
    "p1": -0.00062043,
    "p2": -0.00057221,
    "k3": 0.01083464
  },
  "roi_x": 131,
  "roi_y": 101,
  "roi_width": 1055,
  "roi_height": 539,
  "scale_x": 575.7218411099016,
  "scale_y": 654.0076497093535,
  "translate_x": 551.9782621148288,
  "translate_y": 399.64835733142627
}