{
  "camera": {
    "fx": 574.950047494973, 
    "fy": 573.6149779180907, 
    "cx": 649.313787920506, 
    "cy": 357.6131547777926, 
    "k1": -0.027467882290481006, 
    "k2": 0.001526527336125288, 
    "p1": -0.0032533224640905467, 
    "p2": 0.00010537238476637319, 
    "k3": -0.002512076361133575
  },
  "roi_x": 121,
  "roi_y": 97,
  "roi_width": 1119,
  "roi_height": 580,
  "R": [
    [-0.05879672462515528, 0.998269841385914, 0.0005186064935088427], 
    [0.9979313045636297, 0.05876323829703112, 0.026076679174653214], 
    [0.026001087386591994, 0.0020507569791930486, -0.9996598110610064]
  ], 
  "tvec": [-0.2548419491009315, 0.04255552503822994, 1.317976867246684]
}