{
  "camera": {
    "fx": 574.950047494973, 
    "fy": 573.6149779180907, 
    "cx": 649.313787920506, 
    "cy": 357.6131547777926, 
    "k1": -0.027467882290481006, 
    "k2": 0.001526527336125288, 
    "p1": -0.0032533224640905467, 
    "p2": 0.00010537238476637319, 
    "k3": -0.002512076361133575
  },
  "roi_x": 121,
  "roi_y": 97,
  "roi_width": 1119,
  "roi_height": 580,
  "R": [
    [-0.04433986992131611, 0.9989389947403303, -0.012444304823443528], 
    [0.9989597231207495, 0.044201102252976465, -0.011213123656555088], 
    [-0.010651174483409923, -0.012928547745200641, -0.9998596927245963]
  ], 
  "tvec": [-0.2766609420429101, 0.07099715711925972, 1.3003179667734153]
}