{
  "camera": {
    "fx": 574.950047494973, 
    "fy": 573.6149779180907, 
    "cx": 649.313787920506, 
    "cy": 357.6131547777926, 
    "k1": -0.027467882290481006, 
    "k2": 0.001526527336125288, 
    "p1": -0.0032533224640905467, 
    "p2": 0.00010537238476637319, 
    "k3": -0.002512076361133575
  },
  "roi_x": 121,
  "roi_y": 97,
  "roi_width": 1119,
  "roi_height": 580,
  "R": [
      [-0.004063097359359169, 0.9997041088319559, -0.02398303617879365], 
      [0.9998098358927839, 0.00451862823559479, 0.018970346620794262], 
      [0.01907310388722722, -0.023901397100869297, -0.9995323606190715]
  ], 
  "tvec": [-0.08077739065345856, 0.13933418897652375, 1.2932690874061898]

}