{
  "camera": {
    "fx": 574.950047494973, 
    "fy": 573.6149779180907, 
    "cx": 649.313787920506, 
    "cy": 357.6131547777926, 
    "k1": -0.027467882290481006, 
    "k2": 0.001526527336125288, 
    "p1": -0.0032533224640905467, 
    "p2": 0.00010537238476637319, 
    "k3": -0.002512076361133575
  },
  "roi_x": 121,
  "roi_y": 97,
  "roi_width": 1119,
  "roi_height": 580,
  "R": [
        [-0.04311265838824385, 0.9986503165129212, 0.028962803996516337], 
        [0.9990555208702472, 0.042936664648997036, 0.00667151013627104], 
        [0.005418939506713176, 0.029223075770041268, -0.9995582258863968]
  ], 
  "tvec": [-0.2954760592961147, 0.07563160925235253, 1.3132129487746176]
}